{"cameraMode":{"drawMode":0,"name":"Shaded","section":"Shading Mode"},"sceneLighting":false,"audioPlay":false,"sceneViewState":{"m_AlwaysRefresh":false,"showFog":true,"showSkybox":false,"showFlares":true,"showImageEffects":true,"showParticleSystems":true,"showVisualEffectGraphs":true,"m_FxEnabled":true},"in2DMode":false,"pivot":{"x":-0.10643672943115235,"y":1.3265321254730225,"z":0.21410611271858216},"rotation":{"x":0.04954970255494118,"y":-0.950412929058075,"z":0.22234708070755006,"w":0.21182215213775636},"size":1.4936394691467286,"orthographic":false}