{"cameraMode":{"drawMode":0,"name":"Shaded","section":"Shading Mode"},"sceneLighting":true,"audioPlay":false,"sceneViewState":{"m_AlwaysRefresh":false,"showFog":true,"showSkybox":false,"showFlares":true,"showImageEffects":true,"showParticleSystems":true,"showVisualEffectGraphs":true,"m_FxEnabled":true},"in2DMode":false,"pivot":{"x":0.11039561033248902,"y":0.17371167242527009,"z":-0.7204412817955017},"rotation":{"x":-0.00567292096093297,"y":0.9843217134475708,"z":-0.17333586513996125,"w":-0.03219754621386528},"size":0.4362282454967499,"orthographic":false}