{"cameraMode":{"drawMode":0,"name":"Shaded","section":"Shading Mode"},"sceneLighting":false,"audioPlay":false,"sceneViewState":{"m_AlwaysRefresh":false,"showFog":true,"showSkybox":false,"showFlares":true,"showImageEffects":true,"showParticleSystems":true,"showVisualEffectGraphs":true,"m_FxEnabled":true},"in2DMode":false,"pivot":{"x":0.0003371238708496094,"y":1.5987653732299805,"z":-0.037166744470596316},"rotation":{"x":0.008017066866159439,"y":0.9849662780761719,"z":-0.16584326326847077,"w":0.047611840069293979},"size":2.158831834793091,"orthographic":false}