{"cameraMode":{"drawMode":0,"name":"Shaded","section":"Shading Mode"},"sceneLighting":false,"audioPlay":false,"sceneViewState":{"m_AlwaysRefresh":false,"showFog":true,"showSkybox":false,"showFlares":true,"showImageEffects":true,"showParticleSystems":true,"showVisualEffectGraphs":true,"m_FxEnabled":true},"in2DMode":false,"pivot":{"x":1.1797206401824952,"y":-2.6061668395996095,"z":8.78399658203125},"rotation":{"x":0.004774926230311394,"y":-0.9703673124313355,"z":0.24087269604206086,"w":0.01920323073863983},"size":5.924249172210693,"orthographic":false}